filename,label,score,spoof_prob,bonafide_prob,logit_spoof,logit_bonafide,start_time,end_time
audio 1,bonafide,0.500709762,0.499290238,0.500709762,-0.002839051,0.002839051,0.000000,10.000000
audio 2,bonafide,0.500590572,0.499409428,0.500590572,-0.002362289,0.002362289,5.000000,15.000000
audio 3,bonafide,0.500525186,0.499474814,0.500525186,-0.002100743,0.002100743,10.000000,20.000000
audio 4,bonafide,0.500506303,0.499493697,0.500506303,-0.002025213,0.002025213,15.000000,25.000000
audio 5,bonafide,0.500523915,0.499476085,0.500523915,-0.002095662,0.002095662,20.000000,30.000000
audio 6,bonafide,0.500506989,0.499493011,0.500506989,-0.002027955,0.002027955,25.000000,35.000000
audio 7,bonafide,0.500465575,0.499534425,0.500465575,-0.001862299,0.001862299,30.000000,40.000000
audio 8,bonafide,0.500489380,0.499510620,0.500489380,-0.001957521,0.001957521,35.000000,45.000000
audio 9,bonafide,0.500627641,0.499372359,0.500627641,-0.002510566,0.002510566,40.000000,50.000000
audio 10,bonafide,0.500777112,0.499222888,0.500777112,-0.003108449,0.003108449,45.000000,55.000000
audio 11,bonafide,0.500703432,0.499296568,0.500703432,-0.002813730,0.002813730,50.000000,60.000000
audio 12,bonafide,0.500614725,0.499385275,0.500614725,-0.002458900,0.002458900,55.000000,65.000000
audio 13,bonafide,0.500523303,0.499476697,0.500523303,-0.002093211,0.002093211,60.000000,70.000000
audio 14,bonafide,0.500518444,0.499481556,0.500518444,-0.002073776,0.002073776,65.000000,75.000000
audio 15,bonafide,0.500521716,0.499478284,0.500521716,-0.002086867,0.002086867,70.000000,80.000000
audio 16,bonafide,0.500523079,0.499476921,0.500523079,-0.002092317,0.002092317,75.000000,85.000000
audio 17,bonafide,0.500487446,0.499512554,0.500487446,-0.001949783,0.001949783,80.000000,90.000000
audio 18,bonafide,0.500448752,0.499551248,0.500448752,-0.001795009,0.001795009,85.000000,95.000000
audio 19,bonafide,0.500514085,0.499485915,0.500514085,-0.002056342,0.002056342,90.000000,100.000000
audio 20,bonafide,0.500559965,0.499440035,0.500559965,-0.002239861,0.002239861,95.000000,105.000000
audio 21,bonafide,0.500516698,0.499483302,0.500516698,-0.002066791,0.002066791,100.000000,110.000000
audio 22,bonafide,0.500531594,0.499468406,0.500531594,-0.002126377,0.002126377,105.000000,115.000000
audio 23,bonafide,0.500537554,0.499462446,0.500537554,-0.002150215,0.002150215,110.000000,120.000000
audio 24,bonafide,0.500464653,0.499535347,0.500464653,-0.001858614,0.001858614,115.000000,125.000000
audio 25,bonafide,0.500453609,0.499546391,0.500453609,-0.001814436,0.001814436,120.000000,130.000000
audio 26,bonafide,0.500487588,0.499512412,0.500487588,-0.001950353,0.001950353,125.000000,135.000000
audio 27,bonafide,0.500527810,0.499472190,0.500527810,-0.002111241,0.002111241,130.000000,140.000000
audio 28,bonafide,0.500517331,0.499482669,0.500517331,-0.002069324,0.002069324,135.000000,145.000000
audio 29,bonafide,0.500502797,0.499497203,0.500502797,-0.002011187,0.002011187,140.000000,150.000000
audio 30,bonafide,0.500503644,0.499496356,0.500503644,-0.002014577,0.002014577,145.000000,155.000000
audio 31,bonafide,0.500491796,0.499508204,0.500491796,-0.001967184,0.001967184,150.000000,160.000000
audio 32,bonafide,0.500508647,0.499491353,0.500508647,-0.002034590,0.002034590,155.000000,165.000000
audio 33,bonafide,0.500519492,0.499480508,0.500519492,-0.002077971,0.002077971,160.000000,170.000000
audio 34,bonafide,0.500458973,0.499541027,0.500458973,-0.001835894,0.001835894,165.000000,175.000000
audio 35,bonafide,0.500470327,0.499529673,0.500470327,-0.001881309,0.001881309,170.000000,180.000000
audio 36,bonafide,0.500483519,0.499516481,0.500483519,-0.001934078,0.001934078,175.000000,185.000000
audio 37,bonafide,0.500474542,0.499525458,0.500474542,-0.001898170,0.001898170,180.000000,190.000000
audio 38,bonafide,0.500496529,0.499503471,0.500496529,-0.001986116,0.001986116,185.000000,195.000000
audio 39,bonafide,0.500523416,0.499476584,0.500523416,-0.002093665,0.002093665,190.000000,200.000000
audio 40,bonafide,0.500506878,0.499493122,0.500506878,-0.002027512,0.002027512,195.000000,205.000000
audio 41,bonafide,0.500544690,0.499455310,0.500544690,-0.002178762,0.002178762,200.000000,210.000000
audio 42,bonafide,0.500570230,0.499429770,0.500570230,-0.002280921,0.002280921,205.000000,215.000000
audio 43,bonafide,0.500524829,0.499475171,0.500524829,-0.002099317,0.002099317,210.000000,220.000000
audio 44,bonafide,0.500501242,0.499498758,0.500501242,-0.002004970,0.002004970,215.000000,225.000000
audio 45,bonafide,0.500470348,0.499529652,0.500470348,-0.001881391,0.001881391,220.000000,230.000000
audio 46,bonafide,0.500483568,0.499516432,0.500483568,-0.001934271,0.001934271,225.000000,235.000000
audio 47,bonafide,0.500517032,0.499482968,0.500517032,-0.002068128,0.002068128,230.000000,240.000000
audio 48,bonafide,0.500531454,0.499468546,0.500531454,-0.002125818,0.002125818,235.000000,245.000000
audio 49,bonafide,0.500540308,0.499459692,0.500540308,-0.002161235,0.002161235,240.000000,250.000000
audio 50,bonafide,0.500557964,0.499442036,0.500557964,-0.002231859,0.002231859,245.000000,255.000000
audio 51,bonafide,0.500543859,0.499456141,0.500543859,-0.002175435,0.002175435,250.000000,260.000000
audio 52,bonafide,0.500534422,0.499465578,0.500534422,-0.002137687,0.002137687,255.000000,265.000000
audio 53,bonafide,0.500534775,0.499465225,0.500534775,-0.002139103,0.002139103,260.000000,270.000000
audio 54,bonafide,0.500530942,0.499469058,0.500530942,-0.002123769,0.002123769,265.000000,275.000000
audio 55,bonafide,0.500506061,0.499493939,0.500506061,-0.002024245,0.002024245,270.000000,280.000000
audio 56,bonafide,0.500523153,0.499476847,0.500523153,-0.002092611,0.002092611,275.000000,285.000000
audio 57,bonafide,0.500524160,0.499475840,0.500524160,-0.002096642,0.002096642,280.000000,290.000000
audio 58,bonafide,0.500519262,0.499480738,0.500519262,-0.002077047,0.002077047,285.000000,295.000000
audio 59,bonafide,0.500496836,0.499503164,0.500496836,-0.001987346,0.001987346,290.000000,300.000000
audio 60,bonafide,0.500501128,0.499498872,0.500501128,-0.002004512,0.002004512,295.000000,305.000000
audio 61,bonafide,0.500538995,0.499461005,0.500538995,-0.002155982,0.002155982,300.000000,310.000000
audio 62,bonafide,0.500572099,0.499427901,0.500572099,-0.002288397,0.002288397,305.000000,315.000000
audio 63,bonafide,0.500582956,0.499417044,0.500582956,-0.002331827,0.002331827,310.000000,320.000000
audio 64,bonafide,0.500540536,0.499459464,0.500540536,-0.002162144,0.002162144,315.000000,325.000000
audio 65,bonafide,0.500560623,0.499439377,0.500560623,-0.002242494,0.002242494,320.000000,330.000000
audio 66,bonafide,0.500593401,0.499406599,0.500593401,-0.002373606,0.002373606,325.000000,335.000000
audio 67,bonafide,0.500560505,0.499439495,0.500560505,-0.002242021,0.002242021,330.000000,340.000000
audio 68,bonafide,0.500558943,0.499441057,0.500558943,-0.002235774,0.002235774,335.000000,345.000000
audio 69,bonafide,0.500686209,0.499313791,0.500686209,-0.002744839,0.002744839,340.000000,350.000000
audio 70,bonafide,0.500785515,0.499214485,0.500785515,-0.003142063,0.003142063,345.000000,355.000000
audio 71,bonafide,0.500684352,0.499315648,0.500684352,-0.002737410,0.002737410,350.000000,360.000000
audio 72,bonafide,0.500587609,0.499412391,0.500587609,-0.002350438,0.002350438,355.000000,365.000000
audio 73,bonafide,0.500705752,0.499294248,0.500705752,-0.002823010,0.002823010,360.000000,370.000000
audio 74,bonafide,0.500779190,0.499220810,0.500779190,-0.003116764,0.003116764,365.000000,375.000000
audio 75,bonafide,0.500746933,0.499253067,0.500746933,-0.002987735,0.002987735,370.000000,380.000000
audio 76,bonafide,0.500690218,0.499309782,0.500690218,-0.002760872,0.002760872,375.000000,385.000000
audio 77,bonafide,0.500728807,0.499271193,0.500728807,-0.002915230,0.002915230,380.000000,390.000000
audio 78,bonafide,0.500738616,0.499261384,0.500738616,-0.002954468,0.002954468,385.000000,395.000000
audio 79,bonafide,0.500699795,0.499300205,0.500699795,-0.002799183,0.002799183,390.000000,400.000000
audio 80,bonafide,0.500780089,0.499219911,0.500780089,-0.003120359,0.003120359,395.000000,405.000000
audio 81,bonafide,0.500723451,0.499276549,0.500723451,-0.002893806,0.002893806,400.000000,410.000000
